Workbook

Sheet اقرأني
A1: منتجات نون المقترحة: نسخة محدّثة بالرسوم الرسمية وأسعار المصانع
A3: ما الجديد في هذه النسخة
A4: 1) عمولة نون ورسوم FBN مأخوذة الآن من جدول رسوم نون الرسمي للسعودية (ساري من 1 سبتمبر 2025)، وليست تقديراً موحداً. العمولة تختلف حسب الفئة (من 6% إلى 25%)، ورسوم FBN حسب الوزن وسعر البيع.
A5: 2) تكلفة المصنع لـ 29 منتج من الـ 43 الموثّقة مأخوذة من قوائم موردين فعلية على موقع Made-in-China.com (الوسيط للأسعار عند حد أدنى للطلب 1000 قطعة أو أقل). الباقي تقدير.
A7: ورقة (موثّق): المنتجات اللي عندها سعر نون فعلي
A8: 43 منتج فحصت أسعارها ومنافستها على نون قبل أن يحظر الفحص الآلي. بعد الرسوم الرسمية وأسعار المصانع: 4 منتجات بهامش 30% أو أكثر، و15 بين 20% و30%.
A9: ورقة (مرشحون): المنتجات اللي ما فحصتها
A10: 457 منتجاً سعر نون لها تقدير متحفظ (نسبة 3.0 إلى تكلفة المصنع بالريال، مستخرجة من الموثّقة)، وتكلفة مصنعها تقدير مني. منها 8 فوق 30% و42 بين 20% و30%. هذه أولويات بحث وليست نتائج مؤكدة.
A12: ما زال غير مؤكد
A13: سعر البيع الفعلي للمرشحين غير المفحوصين، وتكلفة المصنع لكل المنتجات التي بدون قوائم مطابقة. علي بابا منع الوصول الآلي (كابتشا)، ونون حظر الفحص الآلي.
A14: أسعار Made-in-China هي أسعار قوائم عامة بجودات مختلفة. اطلب عينات وعروض أسعار من 2 إلى 3 موردين، وتأكد من جودة وشهادات المنتج.
A15: العمولة محسوبة على سعر البيع الشامل للضريبة (متحفظ)، والحد الأدنى للعمولة 1 ريال للقطعة. تستثنى الاستثناءات الخاصة بالماركات والمنتجات المذكورة في ورقة الاستثناءات عند نون.
... A23: ابدأ به: هامش 30% أو أكثر ولا يحتاج شهادات. جيد – يحتاج شهادة: 30% أو أكثر لكن يحتاج SABER أو غيرها. مقبول: بين 20% و30%. ضعيف: أقل من 20%.

Sheet الافتراضات
A1: الافتراضات العامة (عدّل الخلايا الصفراء)
A2: سعر صرف الدولار (ريال) | B2: 3.75 | C2: السعر الرسمي الثابت
A3: رسوم وكيل الشراء والشحن الداخلي في الصين (% من تكلفة المصنع) | B3: 0.08 | C3: تقدير
A4: الشحن الدولي من الصين للسعودية (ريال لكل كجم) | B4: 8 | C4: تقدير للشحن البحري المجمّع (6–10 ريال/كجم). اطلب عرضاً حقيقياً
A5: الرسوم الجمركية (% من قيمة البضاعة والشحن) | B5: 0.05 | C5: تقدير، وتختلف حسب كود HS
A6: ضريبة القيمة المضافة | B6: 0.15 | C6: سعر البيع في الملف شامل للضريبة
A7: الإعلانات (% من سعر البيع) | B7: 0.08 | C7: تقدير لمرحلة البداية
A8: المرتجعات والتالف (% من سعر البيع) | B8: 0.03 | C8: تقدير
A9: الهامش المستهدف | B9: 0.3
A10: الهامش المقبول | B10: 0.2
A13: ملاحظة: عمولة نون ورسوم FBN رسمية وتختلف لكل منتج، فهي مدخلات في ورقة المنتجات (الأعمدة P وQ بالأزرق).

Sheet موثّق
A1: # | B1: الفئة | C1: المنتج | D1: كلمة البحث (نون / علي بابا) | E1: سعر البيع على نون (ريال) | F1: مصدر السعر | G1: نطاق أسعار المنافسين | H1: المنافسة | I1: الطلب | J1: تكلفة المصنع ($) | K1: مصدر التكلفة | L1: الوزن (كجم) | M1: الحجم | N1: الموسم | O1: شهادات / اشتراطات | P1: عمولة نون الرسمية | Q1: رسوم FBN الرسمية (ريال) | R1: كمية الاختبار | S1: تكلفة المصنع (ريال) | T1: الشحن الدولي (ريال) | U1: الجمارك (ريال) | V1: التكلفة الواصلة | W1: عمولة نون (ريال) | X1: الإعلانات | Y1: مرتجعات وتالف | Z1: صافي البيع بدون ضريبة | AA1: صافي الربح للوحدة | AB1: هامش الربح | AC1: العائد على التكلفة | AD1: رأس المال لكمية الاختبار | AE1: التقييم | AF1: أقل سعر بيع يحقق الهدف (ريال)
A2: 1 | B2: إكسسوارات الجوال والإلكترونيات | C2: ميكروفون سلكي لاڤالير للجوال | D2: wired lavalier microphone 3.5mm | E2: 79 | F2: فعلي من نون | G2: فعلي: 24–179 | H2: عالية | I2: مؤكد | J2: 2 | K2: سعر مصانع فعلي (1 قائمة) | L2: 0.08 | M2: صغير | N2: طوال السنة | O2: لا | P2: 0.15 | Q2: 8 | R2: 50 | S2: =J2*'الافتراضات'!$B$2*(1+'الافتراضات'!$B$3) | T2: =L2*'الافتراضات'!$B$4 | U2: =(S2+T2)*'الافتراضات'!$B$5 | V2: =S2+T2+U2 | W2: =MAX(1,E2*P2) | X2: =E2*'الافتراضات'!$B$7 | Y2: =E2*'الافتراضات'!$B$8 | Z2: =E2/(1+'الافتراضات'!$B$6) | AA2: =Z2-V2-W2-Q2-X2-Y2 | AB2: =IF(Z2=0,0,AA2/Z2) | AC2: =IF(V2=0,0,AA2/V2) | AD2: =R2*V2 | AE2: =IF(AB2>='الافتراضات'!$B$9,IF(O2="لا","ابدأ به","جيد – يحتاج شهادة"),IF(AB2>='الافتراضات'!$B$10,"مقبول","ضعيف")) | AF2: =IF((1-'الافتراضات'!$B$9)/(1+'الافتراضات'!$B$6)-P2-'الافتراضات'!$B$7-'الافتراضات'!$B$8<=0,0,(V2+Q2)/((1-'الافتراضات'!$B$9)/(1+'الافتراضات'!$B$6)-P2-'الافتراضات'!$B$7-'الافتراضات'!$B$8))
A3: 2 | B3: إكسسوارات الجوال والإلكترونيات | C3: علبة هارد SSD M.2 خارجية | D3: M.2 NVMe SSD enclosure USB-C | E3: 89 | F3: فعلي من نون | G3: فعلي: 40–690 | H3: متوسطة | I3: مؤكد | J3: 6 | K3: تقدير | L3: 0.15 | M3: صغير | N3: طوال السنة | O3: SABER | P3: 0.06 | Q3: 9 | R3: 50 | S3: =J3*'الافتراضات'!$B$2*(1+'الافتراضات'!$B$3) | T3: =L3*'الافتراضات'!$B$4 | U3: =(S3+T3)*'الافتراضات'!$B$5 | V3: =S3+T3+U3 | W3: =MAX(1,E3*P3) | X3: =E3*'الافتراضات'!$B$7 | Y3: =E3*'الافتراضات'!$B$8 | Z3: =E3/(1+'الافتراضات'!$B$6) | AA3: =Z3-V3-W3-Q3-X3-Y3 | AB3: =IF(Z3=0,0,AA3/Z3) | AC3: =IF(V3=0,0,AA3/V3) | AD3: =R3*V3 | AE3: =IF(AB3>='الافتراضات'!$B$9,IF(O3="لا","ابدأ به","جيد – يحتاج شهادة"),IF(AB3>='الافتراضات'!$B$10,"مقبول","ضعيف")) | AF3: =IF((1-'الافتراضات'!$B$9)/(1+'الافتراضات'!$B$6)-P3-'الافتراضات'!$B$7-'الافتراضات'!$B$8<=0,0,(V3+Q3)/((1-'الافتراضات'!$B$9)/(1+'الافتراضات'!$B$6)-P3-'الافتراضات'!$B$7-'الافتراضات'!$B$8))
A4: 3 | B4: إكسسوارات الجوال والإلكترونيات | C4: كيبل USB-C بقوة 100 واط مضفّر 2 متر | D4: braided USB-C cable 100W 2m | E4: 49 | F4: فعلي من نون | G4: فعلي: 25–79 | H4: عالية | I4: مؤكد | J4: 0.99 | K4: سعر مصانع فعلي (10 قائمة) | L4: 0.08 | M4: صغير | N4: طوال السنة | O4: SABER | P4: 0.2 | Q4: 8 | R4: 50 | S4: =J4*'الافتراضات'!$B$2*(1+'الافتراضات'!$B$3) | T4: =L4*'الافتراضات'!$B$4 | U4: =(S4+T4)*'الافتراضات'!$B$5 | V4: =S4+T4+U4 | W4: =MAX(1,E4*P4) | X4: =E4*'الافتراضات'!$B$7 | Y4: =E4*'الافتراضات'!$B$8 | Z4: =E4/(1+'الافتراضات'!$B$6) | AA4: =Z4-V4-W4-Q4-X4-Y4 | AB4: =IF(Z4=0,0,AA4/Z4) | AC4: =IF(V4=0,0,AA4/V4) | AD4: =R4*V4 | AE4: =IF(AB4>='الافتراضات'!$B$9,IF(O4="لا","ابدأ به","جيد – يحتاج شهادة"),IF(AB4>='الافتراضات'!$B$10,"مقبول","ضعيف")) | AF4: =IF((1-'الافتراضات'!$B$9)/(1+'الافتراضات'!$B$6)-P4-'الافتراضات'!$B$7-'الافتراضات'!$B$8<=0,0,(V4+Q4)/((1-'الافتراضات'!$B$9)/(1+'الافتراضات'!$B$6)-P4-'الافتراضات'!$B$7-'الافتراضات'!$B$8))
A5: 4 | B5: إكسسوارات الجوال والإلكترونيات | C5: ترايبود صغير مرن للجوال | D5: flexible mini tripod phone | E5: 49 | F5: فعلي من نون | G5: فعلي: 12–129 | H5: متوسطة | I5: مؤكد | J5: 1.27 | K5: سعر مصانع فعلي (8 قائمة) | L5: 0.15 | M5: صغير | N5: طوال السنة | O5: لا | P5: 0.15 | Q5: 9 | R5: 50 | S5: =J5*'الافتراضات'!$B$2*(1+'الافتراضات'!$B$3) | T5: =L5*'الافتراضات'!$B$4 | U5: =(S5+T5)*'الافتراضات'!$B$5 | V5: =S5+T5+U5 | W5: =MAX(1,E5*P5) | X5: =E5*'الافتراضات'!$B$7 | Y5: =E5*'الافتراضات'!$B$8 | Z5: =E5/(1+'الافتراضات'!$B$6) | AA5: =Z5-V5-W5-Q5-X5-Y5 | AB5: =IF(Z5=0,0,AA5/Z5) | AC5: =IF(V5=0,0,AA5/V5) | AD5: =R5*V5 | AE5: =IF(AB5>='الافتراضات'!$B$9,IF(O5="لا","ابدأ به","جيد – يحتاج شهادة"),IF(AB5>='الافتراضات'!$B$10,"مقبول","ضعيف")) | AF5: =IF((1-'الافتراضات'!$B$9)/(1+'الافتراضات'!$B$6)-P5-'الافتراضات'!$B$7-'الافتراضات'!$B$8<=0,0,(V5+Q5)/((1-'الافتراضات'!$B$9)/(1+'الافتراضات'!$B$6)-P5-'الافتراضات'!$B$7-'الافتراضات'!$B$8))
A6: 5 | B6: إكسسوارات الجوال والإلكترونيات | C6: كرت ذاكرة microSD 128 جيجا | D6: microSD card 128GB | E6: 66 | F6: فعلي من نون | G6: فعلي: 54–196 | H6: عالية | I6: مؤكد | J6: 4.8 | K6: تقدير | L6: 0.02 | M6: صغير | N6: طوال السنة | O6: SABER | P6: 0.07 | Q6: 8 | R6: 50 | S6: =J6*'الافتراضات'!$B$2*(1+'الافتراضات'!$B$3) | T6: =L6*'الافتراضات'!$B$4 | U6: =(S6+T6)*'الافتراضات'!$B$5 | V6: =S6+T6+U6 | W6: =MAX(1,E6*P6) | X6: =E6*'الافتراضات'!$B$7 | Y6: =E6*'الافتراضات'!$B$8 | Z6: =E6/(1+'الافتراضات'!$B$6) | AA6: =Z6-V6-W6-Q6-X6-Y6 | AB6: =IF(Z6=0,0,AA6/Z6) | AC6: =IF(V6=0,0,AA6/V6) | AD6: =R6*V6 | AE6: =IF(AB6>='الافتراضات'!$B$9,IF(O6="لا","ابدأ به","جيد – يحتاج شهادة"),IF(AB6>='الافتراضات'!$B$10,"مقبول","ضعيف")) | AF6: =IF((1-'الافتراضات'!$B$9)/(1+'الافتراضات'!$B$6)-P6-'الافتراضات'!$B$7-'الافتراضات'!$B$8<=0,0,(V6+Q6)/((1-'الافتراضات'!$B$9)/(1+'الافتراضات'!$B$6)-P6-'الافتراضات'!$B$7-'الافتراضات'!$B$8))
A7: 6 | B7: إكسسوارات الجوال والإلكترونيات | C7: ميكروفون كوندنسر USB للبث | D7: USB condenser microphone streaming | E7: 119 | F7: فعلي من نون | G7: فعلي: 65–360 | H7: متوسطة | I7: مؤكد | J7: 5.75 | K7: سعر مصانع فعلي (10 قائمة) | L7: 0.9 | M7: متوسط | N7: طوال السنة | O7: SABER | P7: 0.15 | Q7: 10 | R7: 50 | S7: =J7*'الافتراضات'!$B$2*(1+'الافتراضات'!$B$3) | T7: =L7*'الافتراضات'!$B$4 | U7: =(S7+T7)*'الافتراضات'!$B$5 | V7: =S7+T7+U7 | W7: =MAX(1,E7*P7) | X7: =E7*'الافتراضات'!$B$7 | Y7: =E7*'الافتراضات'!$B$8 | Z7: =E7/(1+'الافتراضات'!$B$6) | AA7: =Z7-V7-W7-Q7-X7-Y7 | AB7: =IF(Z7=0,0,AA7/Z7) | AC7: =IF(V7=0,0,AA7/V7) | AD7: =R7*V7 | AE7: =IF(AB7>='الافتراضات'!$B$9,IF(O7="لا","ابدأ به","جيد – يحتاج شهادة"),IF(AB7>='الافتراضات'!$B$10,"مقبول","ضعيف")) | AF7: =IF((1-'الافتراضات'!$B$9)/(1+'الافتراضات'!$B$6)-P7-'الافتراضات'!$B$7-'الافتراضات'!$B$8<=0,0,(V7+Q7)/((1-'الافتراضات'!$B$9)/(1+'الافتراضات'!$B$6)-P7-'الافتراضات'!$B$7-'الافتراضات'!$B$8))
A8: 7 | B8: إكسسوارات الجوال والإلكترونيات | C8: فلاش ميموري 64 جيجا معدن | D8: USB flash drive 64GB metal | E8: 57 | F8: فعلي من نون | G8: فعلي: 45–490 | H8: عالية | I8: مؤكد | J8: 2.8 | K8: تقدير | L8: 0.03 | M8: صغير | N8: طوال السنة | O8: SABER | P8: 0.15 | Q8: 8 | R8: 50 | S8: =J8*'الافتراضات'!$B$2*(1+'الافتراضات'!$B$3) | T8: =L8*'الافتراضات'!$B$4 | U8: =(S8+T8)*'الافتراضات'!$B$5 | V8: =S8+T8+U8 | W8: =MAX(1,E8*P8) | X8: =E8*'الافتراضات'!$B$7 | Y8: =E8*'الافتراضات'!$B$8 | Z8: =E8/(1+'الافتراضات'!$B$6) | AA8: =Z8-V8-W8-Q8-X8-Y8 | AB8: =IF(Z8=0,0,AA8/Z8) | AC8: =IF(V8=0,0,AA8/V8) | AD8: =R8*V8 | AE8: =IF(AB8>='الافتراضات'!$B$9,IF(O8="لا","ابدأ به","جيد – يحتاج شهادة"),IF(AB8>='الافتراضات'!$B$10,"مقبول","ضعيف")) | AF8: =IF((1-'الافتراضات'!$B$9)/(1+'الافتراضات'!$B$6)-P8-'الافتراضات'!$B$7-'الافتراضات'!$B$8<=0,0,(V8+Q8)/((1-'الافتراضات'!$B$9)/(1+'الافتراضات'!$B$6)-P8-'الافتراضات'!$B$7-'الافتراضات'!$B$8))
A9: 8 | B9: إكسسوارات الجوال والإلكترونيات | C9: شاحن جداري سريع 20 واط PD | D9: 20W PD fast charger | E9: 49 | F9: فعلي من نون | G9: فعلي: 30–77 | H9: عالية | I9: مؤكد | J9: 1.49 | K9: سعر مصانع فعلي (9 قائمة) | L9: 0.1 | M9: صغير | N9: طوال السنة | O9: SABER | P9: 0.2 | Q9: 8 | R9: 50 | S9: =J9*'الافتراضات'!$B$2*(1+'الافتراضات'!$B$3) | T9: =L9*'الافتراضات'!$B$4 | U9: =(S9+T9)*'الافتراضات'!$B$5 | V9: =S9+T9+U9 | W9: =MAX(1,E9*P9) | X9: =E9*'الافتراضات'!$B$7 | Y9: =E9*'الافتراضات'!$B$8 | Z9: =E9/(1+'الافتراضات'!$B$6) | AA9: =Z9-V9-W9-Q9-X9-Y9 | AB9: =IF(Z9=0,0,AA9/Z9) | AC9: =IF(V9=0,0,AA9/V9) | AD9: =R9*V9 | AE9: =IF(AB9>='الافتراضات'!$B$9,IF(O9="لا","ابدأ به","جيد – يحتاج شهادة"),IF(AB9>='الافتراضات'!$B$10,"مقبول","ضعيف")) | AF9: =IF((1-'الافتراضات'!$B$9)/(1+'الافتراضات'!$B$6)-P9-'الافتراضات'!$B$7-'الافتراضات'!$B$8<=0,0,(V9+Q9)/((1-'الافتراضات'!$B$9)/(1+'الافتراضات'!$B$6)-P9-'الافتراضات'!$B$7-'الافتراضات'!$B$8))
A10: 9 | B10: إكسسوارات الجوال والإلكترونيات | C10: عصا سيلفي بلوتوث قابلة للطي | D10: selfie stick bluetooth foldable | E10: 54 | F10: فعلي من نون | G10: فعلي: 22–149 | H10: متوسطة | I10: مؤكد | J10: 2.2 | K10: تقدير | L10: 0.2 | M10: صغير | N10: طوال السنة | O10: SABER + بطارية ليثيوم | P10: 0.15 | Q10: 9 | R10: 50 | S10: =J10*'الافتراضات'!$B$2*(1+'الافتراضات'!$B$3) | T10: =L10*'الافتراضات'!$B$4 | U10: =(S10+T10)*'الافتراضات'!$B$5 | V10: =S10+T10+U10 | W10: =MAX(1,E10*P10) | X10: =E10*'الافتراضات'!$B$7 | Y10: =E10*'الافتراضات'!$B$8 | Z10: =E10/(1+'الافتراضات'!$B$6) | AA10: =Z10-V10-W10-Q10-X10-Y10 | AB10: =IF(Z10=0,0,AA10/Z10) | AC10: =IF(V10=0,0,AA10/V10) | AD10: =R10*V10 | AE10: =IF(AB10>='الافتراضات'!$B$9,IF(O10="لا","ابدأ به","جيد – يحتاج شهادة"),IF(AB10>='الافتراضات'!$B$10,"مقبول","ضعيف")) | AF10: =IF((1-'الافتراضات'!$B$9)/(1+'الافتراضات'!$B$6)-P10-'الافتراضات'!$B$7-'الافتراضات'!$B$8<=0,0,(V10+Q10)/((1-'الافتراضات'!$B$9)/(1+'الافتراضات'!$B$6)-P10-'الافتراضات'!$B$7-'الافتراضات'!$B$8))
A11: 10 | B11: إكسسوارات الجوال والإلكترونيات | C11: شاحن GaN بقوة 100 واط أربعة منافذ | D11: 100W GaN charger 4 port | E11: 158 | F11: فعلي من نون | G11: فعلي: 86–329 | H11: عالية | I11: مؤكد | J11: 11 | K11: سعر مصانع فعلي (9 قائمة) | L11: 0.35 | M11: صغير | N11: طوال السنة | O11: SABER | P11: 0.15 | Q11: 9.5 | R11: 50 | S11: =J11*'الافتراضات'!$B$2*(1+'الافتراضات'!$B$3) | T11: =L11*'الافتراضات'!$B$4 | U11: =(S11+T11)*'الافتراضات'!$B$5 | V11: =S11+T11+U11 | W11: =MAX(1,E11*P11) | X11: =E11*'الافتراضات'!$B$7 | Y11: =E11*'الافتراضات'!$B$8 | Z11: =E11/(1+'الافتراضات'!$B$6) | AA11: =Z11-V11-W11-Q11-X11-Y11 | AB11: =IF(Z11=0,0,AA11/Z11) | AC11: =IF(V11=0,0,AA11/V11) | AD11: =R11*V11 | AE11: =IF(AB11>='الافتراضات'!$B$9,IF(O11="لا","ابدأ به","جيد – يحتاج شهادة"),IF(AB11>='الافتراضات'!$B$10,"مقبول","ضعيف")) | AF11: =IF((1-'الافتراضات'!$B$9)/(1+'الافتراضات'!$B$6)-P11-'الافتراضات'!$B$7-'الافتراضات'!$B$8<=0,0,(V11+Q11)/((1-'الافتراضات'!$B$9)/(1+'الافتراضات'!$B$6)-P11-'الافتراضات'!$B$7-'الافتراضات'!$B$8))
A12: 11 | B12: إكسسوارات الجوال والإلكترونيات | C12: فلاش ميموري USB-C مزدوج 128 جيجا | D12: dual USB-C flash drive 128GB | E12: 72 | F12: فعلي من نون | G12: فعلي: 56–298 | H12: عالية | I12: مؤكد | J12: 4.5 | K12: تقدير | L12: 0.03 | M12: صغير | N12: طوال السنة | O12: SABER | P12: 0.15 | Q12: 8 | R12: 50 | S12: =J12*'الافتراضات'!$B$2*(1+'الافتراضات'!$B$3) | T12: =L12*'الافتراضات'!$B$4 | U12: =(S12+T12)*'الافتراضات'!$B$5 | V12: =S12+T12+U12 | W12: =MAX(1,E12*P12) | X12: =E12*'الافتراضات'!$B$7 | Y12: =E12*'الافتراضات'!$B$8 | Z12: =E12/(1+'الافتراضات'!$B$6) | AA12: =Z12-V12-W12-Q12-X12-Y12 | AB12: =IF(Z12=0,0,AA12/Z12) | AC12: =IF(V12=0,0,AA12/V12) | AD12: =R12*V12 | AE12: =IF(AB12>='الافتراضات'!$B$9,IF(O12="لا","ابدأ به","جيد – يحتاج شهادة"),IF(AB12>='الافتراضات'!$B$10,"مقبول","ضعيف")) | AF12: =IF((1-'الافتراضات'!$B$9)/(1+'الافتراضات'!$B$6)-P12-'الافتراضات'!$B$7-'الافتراضات'!$B$8<=0,0,(V12+Q12)/((1-'الافتراضات'!$B$9)/(1+'الافتراضات'!$B$6)-P12-'الافتراضات'!$B$7-'الافتراضات'!$B$8))
A13: 12 | B13: إكسسوارات الجوال والإلكترونيات | C13: محطة شحن 6 منافذ USB للمكتب | D13: 6 port USB charging station | E13: 83 | F13: فعلي من نون | G13: فعلي: 30–329 | H13: عالية | I13: مؤكد | J13: 4.5 | K13: تقدير | L13: 0.35 | M13: متوسط | N13: طوال السنة | O13: SABER | P13: 0.15 | Q13: 9.5 | R13: 50 | S13: =J13*'الافتراضات'!$B$2*(1+'الافتراضات'!$B$3) | T13: =L13*'الافتراضات'!$B$4 | U13: =(S13+T13)*'الافتراضات'!$B$5 | V13: =S13+T13+U13 | W13: =MAX(1,E13*P13) | X13: =E13*'الافتراضات'!$B$7 | Y13: =E13*'الافتراضات'!$B$8 | Z13: =E13/(1+'الافتراضات'!$B$6) | AA13: =Z13-V13-W13-Q13-X13-Y13 | AB13: =IF(Z13=0,0,AA13/Z13) | AC13: =IF(V13=0,0,AA13/V13) | AD13: =R13*V13 | AE13: =IF(AB13>='الافتراضات'!$B$9,IF(O13="لا","ابدأ به","جيد – يحتاج شهادة"),IF(AB13>='الافتراضات'!$B$10,"مقبول","ضعيف")) | AF13: =IF((1-'الافتراضات'!$B$9)/(1+'الافتراضات'!$B$6)-P13-'الافتراضات'!$B$7-'الافتراضات'!$B$8<=0,0,(V13+Q13)/((1-'الافتراضات'!$B$9)/(1+'الافتراضات'!$B$6)-P13-'الافتراضات'!$B$7-'الافتراضات'!$B$8))
... A44: 43 | B44: إكسسوارات الجوال والإلكترونيات | C44: هاب USB-C سبع منافذ مع HDMI | D44: USB-C hub 7 in 1 HDMI | E44: 52 | F44: فعلي من نون | G44: فعلي: 30–219 | H44: عالية | I44: مؤكد | J44: 8.54 | K44: سعر مصانع فعلي (5 قائمة) | L44: 0.15 | M44: صغير | N44: طوال السنة | O44: SABER | P44: 0.13 | Q44: 9 | R44: 50 | S44: =J44*'الافتراضات'!$B$2*(1+'الافتراضات'!$B$3) | T44: =L44*'الافتراضات'!$B$4 | U44: =(S44+T44)*'الافتراضات'!$B$5 | V44: =S44+T44+U44 | W44: =MAX(1,E44*P44) | X44: =E44*'الافتراضات'!$B$7 | Y44: =E44*'الافتراضات'!$B$8 | Z44: =E44/(1+'الافتراضات'!$B$6) | AA44: =Z44-V44-W44-Q44-X44-Y44 | AB44: =IF(Z44=0,0,AA44/Z44) | AC44: =IF(V44=0,0,AA44/V44) | AD44: =R44*V44 | AE44: =IF(AB44>='الافتراضات'!$B$9,IF(O44="لا","ابدأ به","جيد – يحتاج شهادة"),IF(AB44>='الافتراضات'!$B$10,"مقبول","ضعيف")) | AF44: =IF((1-'الافتراضات'!$B$9)/(1+'الافتراضات'!$B$6)-P44-'الافتراضات'!$B$7-'الافتراضات'!$B$8<=0,0,(V44+Q44)/((1-'الافتراضات'!$B$9)/(1+'الافتراضات'!$B$6)-P44-'الافتراضات'!$B$7-'الافتراضات'!$B$8))

Sheet مرشحون
A1: # | B1: الفئة | C1: المنتج | D1: كلمة البحث (نون / علي بابا) | E1: سعر البيع على نون (ريال) | F1: مصدر السعر | G1: نطاق أسعار المنافسين | H1: المنافسة | I1: الطلب | J1: تكلفة المصنع ($) | K1: مصدر التكلفة | L1: الوزن (كجم) | M1: الحجم | N1: الموسم | O1: شهادات / اشتراطات | P1: عمولة نون الرسمية | Q1: رسوم FBN الرسمية (ريال) | R1: كمية الاختبار | S1: تكلفة المصنع (ريال) | T1: الشحن الدولي (ريال) | U1: الجمارك (ريال) | V1: التكلفة الواصلة | W1: عمولة نون (ريال) | X1: الإعلانات | Y1: مرتجعات وتالف | Z1: صافي البيع بدون ضريبة | AA1: صافي الربح للوحدة | AB1: هامش الربح | AC1: العائد على التكلفة | AD1: رأس المال لكمية الاختبار | AE1: التقييم | AF1: أقل سعر بيع يحقق الهدف (ريال)
A2: 1 | B2: إكسسوارات الجوال والإلكترونيات | C2: كاميرا ويب غطاء خصوصية | D2: webcam cover slider | E2: 25 | F2: تقدير | G2: تقدير | H2: لم تُفحص | I2: لم يُفحص | J2: 0.15 | K2: تقدير | L2: 0.01 | M2: صغير | N2: طوال السنة | O2: لا | P2: 0.15 | Q2: 6 | R2: 50 | S2: =J2*'الافتراضات'!$B$2*(1+'الافتراضات'!$B$3) | T2: =L2*'الافتراضات'!$B$4 | U2: =(S2+T2)*'الافتراضات'!$B$5 | V2: =S2+T2+U2 | W2: =MAX(1,E2*P2) | X2: =E2*'الافتراضات'!$B$7 | Y2: =E2*'الافتراضات'!$B$8 | Z2: =E2/(1+'الافتراضات'!$B$6) | AA2: =Z2-V2-W2-Q2-X2-Y2 | AB2: =IF(Z2=0,0,AA2/Z2) | AC2: =IF(V2=0,0,AA2/V2) | AD2: =R2*V2 | AE2: =IF(AB2>='الافتراضات'!$B$9,IF(O2="لا","ابدأ به","جيد – يحتاج شهادة"),IF(AB2>='الافتراضات'!$B$10,"مقبول","ضعيف")) | AF2: =IF((1-'الافتراضات'!$B$9)/(1+'الافتراضات'!$B$6)-P2-'الافتراضات'!$B$7-'الافتراضات'!$B$8<=0,0,(V2+Q2)/((1-'الافتراضات'!$B$9)/(1+'الافتراضات'!$B$6)-P2-'الافتراضات'!$B$7-'الافتراضات'!$B$8))
A3: 2 | B3: المنزل والمطبخ | C3: سدادات أذن للنوم | D3: sleep earplugs silicone | E3: 25 | F3: تقدير | G3: تقدير | H3: لم تُفحص | I3: لم يُفحص | J3: 0.3 | K3: تقدير | L3: 0.03 | M3: صغير | N3: طوال السنة | O3: لا | P3: 0.14 | Q3: 6 | R3: 50 | S3: =J3*'الافتراضات'!$B$2*(1+'الافتراضات'!$B$3) | T3: =L3*'الافتراضات'!$B$4 | U3: =(S3+T3)*'الافتراضات'!$B$5 | V3: =S3+T3+U3 | W3: =MAX(1,E3*P3) | X3: =E3*'الافتراضات'!$B$7 | Y3: =E3*'الافتراضات'!$B$8 | Z3: =E3/(1+'الافتراضات'!$B$6) | AA3: =Z3-V3-W3-Q3-X3-Y3 | AB3: =IF(Z3=0,0,AA3/Z3) | AC3: =IF(V3=0,0,AA3/V3) | AD3: =R3*V3 | AE3: =IF(AB3>='الافتراضات'!$B$9,IF(O3="لا","ابدأ به","جيد – يحتاج شهادة"),IF(AB3>='الافتراضات'!$B$10,"مقبول","ضعيف")) | AF3: =IF((1-'الافتراضات'!$B$9)/(1+'الافتراضات'!$B$6)-P3-'الافتراضات'!$B$7-'الافتراضات'!$B$8<=0,0,(V3+Q3)/((1-'الافتراضات'!$B$9)/(1+'الافتراضات'!$B$6)-P3-'الافتراضات'!$B$7-'الافتراضات'!$B$8))
A4: 3 | B4: السيارات والدراجات | C4: مرآة صغيرة لعين الأعمى | D4: blind spot mirror | E4: 25 | F4: تقدير | G4: تقدير | H4: لم تُفحص | I4: لم يُفحص | J4: 0.5 | K4: تقدير | L4: 0.05 | M4: صغير | N4: طوال السنة | O4: لا | P4: 0.1 | Q4: 6 | R4: 50 | S4: =J4*'الافتراضات'!$B$2*(1+'الافتراضات'!$B$3) | T4: =L4*'الافتراضات'!$B$4 | U4: =(S4+T4)*'الافتراضات'!$B$5 | V4: =S4+T4+U4 | W4: =MAX(1,E4*P4) | X4: =E4*'الافتراضات'!$B$7 | Y4: =E4*'الافتراضات'!$B$8 | Z4: =E4/(1+'الافتراضات'!$B$6) | AA4: =Z4-V4-W4-Q4-X4-Y4 | AB4: =IF(Z4=0,0,AA4/Z4) | AC4: =IF(V4=0,0,AA4/V4) | AD4: =R4*V4 | AE4: =IF(AB4>='الافتراضات'!$B$9,IF(O4="لا","ابدأ به","جيد – يحتاج شهادة"),IF(AB4>='الافتراضات'!$B$10,"مقبول","ضعيف")) | AF4: =IF((1-'الافتراضات'!$B$9)/(1+'الافتراضات'!$B$6)-P4-'الافتراضات'!$B$7-'الافتراضات'!$B$8<=0,0,(V4+Q4)/((1-'الافتراضات'!$B$9)/(1+'الافتراضات'!$B$6)-P4-'الافتراضات'!$B$7-'الافتراضات'!$B$8))
A5: 4 | B5: إكسسوارات الجوال والإلكترونيات | C5: أصابع ألعاب للجوال | D5: mobile gaming finger sleeves | E5: 25 | F5: تقدير | G5: تقدير | H5: لم تُفحص | I5: لم يُفحص | J5: 0.5 | K5: تقدير | L5: 0.02 | M5: صغير | N5: طوال السنة | O5: لا | P5: 0.13 | Q5: 6 | R5: 50 | S5: =J5*'الافتراضات'!$B$2*(1+'الافتراضات'!$B$3) | T5: =L5*'الافتراضات'!$B$4 | U5: =(S5+T5)*'الافتراضات'!$B$5 | V5: =S5+T5+U5 | W5: =MAX(1,E5*P5) | X5: =E5*'الافتراضات'!$B$7 | Y5: =E5*'الافتراضات'!$B$8 | Z5: =E5/(1+'الافتراضات'!$B$6) | AA5: =Z5-V5-W5-Q5-X5-Y5 | AB5: =IF(Z5=0,0,AA5/Z5) | AC5: =IF(V5=0,0,AA5/V5) | AD5: =R5*V5 | AE5: =IF(AB5>='الافتراضات'!$B$9,IF(O5="لا","ابدأ به","جيد – يحتاج شهادة"),IF(AB5>='الافتراضات'!$B$10,"مقبول","ضعيف")) | AF5: =IF((1-'الافتراضات'!$B$9)/(1+'الافتراضات'!$B$6)-P5-'الافتراضات'!$B$7-'الافتراضات'!$B$8<=0,0,(V5+Q5)/((1-'الافتراضات'!$B$9)/(1+'الافتراضات'!$B$6)-P5-'الافتراضات'!$B$7-'الافتراضات'!$B$8))
A6: 5 | B6: السيارات والدراجات | C6: جرس دراجة | D6: bike bell | E6: 25 | F6: تقدير | G6: تقدير | H6: لم تُفحص | I6: لم يُفحص | J6: 0.6 | K6: تقدير | L6: 0.08 | M6: صغير | N6: طوال السنة | O6: لا | P6: 0.1 | Q6: 6 | R6: 50 | S6: =J6*'الافتراضات'!$B$2*(1+'الافتراضات'!$B$3) | T6: =L6*'الافتراضات'!$B$4 | U6: =(S6+T6)*'الافتراضات'!$B$5 | V6: =S6+T6+U6 | W6: =MAX(1,E6*P6) | X6: =E6*'الافتراضات'!$B$7 | Y6: =E6*'الافتراضات'!$B$8 | Z6: =E6/(1+'الافتراضات'!$B$6) | AA6: =Z6-V6-W6-Q6-X6-Y6 | AB6: =IF(Z6=0,0,AA6/Z6) | AC6: =IF(V6=0,0,AA6/V6) | AD6: =R6*V6 | AE6: =IF(AB6>='الافتراضات'!$B$9,IF(O6="لا","ابدأ به","جيد – يحتاج شهادة"),IF(AB6>='الافتراضات'!$B$10,"مقبول","ضعيف")) | AF6: =IF((1-'الافتراضات'!$B$9)/(1+'الافتراضات'!$B$6)-P6-'الافتراضات'!$B$7-'الافتراضات'!$B$8<=0,0,(V6+Q6)/((1-'الافتراضات'!$B$9)/(1+'الافتراضات'!$B$6)-P6-'الافتراضات'!$B$7-'الافتراضات'!$B$8))
A7: 6 | B7: إكسسوارات الجوال والإلكترونيات | C7: محول صوت USB-C إلى 3.5 ملم | D7: USB-C to 3.5mm headphone adapter | E7: 25 | F7: تقدير | G7: تقدير | H7: لم تُفحص | I7: لم يُفحص | J7: 0.6 | K7: تقدير | L7: 0.02 | M7: صغير | N7: طوال السنة | O7: لا | P7: 0.13 | Q7: 6 | R7: 50 | S7: =J7*'الافتراضات'!$B$2*(1+'الافتراضات'!$B$3) | T7: =L7*'الافتراضات'!$B$4 | U7: =(S7+T7)*'الافتراضات'!$B$5 | V7: =S7+T7+U7 | W7: =MAX(1,E7*P7) | X7: =E7*'الافتراضات'!$B$7 | Y7: =E7*'الافتراضات'!$B$8 | Z7: =E7/(1+'الافتراضات'!$B$6) | AA7: =Z7-V7-W7-Q7-X7-Y7 | AB7: =IF(Z7=0,0,AA7/Z7) | AC7: =IF(V7=0,0,AA7/V7) | AD7: =R7*V7 | AE7: =IF(AB7>='الافتراضات'!$B$9,IF(O7="لا","ابدأ به","جيد – يحتاج شهادة"),IF(AB7>='الافتراضات'!$B$10,"مقبول","ضعيف")) | AF7: =IF((1-'الافتراضات'!$B$9)/(1+'الافتراضات'!$B$6)-P7-'الافتراضات'!$B$7-'الافتراضات'!$B$8<=0,0,(V7+Q7)/((1-'الافتراضات'!$B$9)/(1+'الافتراضات'!$B$6)-P7-'الافتراضات'!$B$7-'الافتراضات'!$B$8))
A8: 7 | B8: المكتب والدراسة | C8: مقص مكتبي | D8: office scissors | E8: 25 | F8: تقدير | G8: تقدير | H8: لم تُفحص | I8: لم يُفحص | J8: 0.6 | K8: تقدير | L8: 0.1 | M8: صغير | N8: طوال السنة | O8: لا | P8: 0.12 | Q8: 6 | R8: 50 | S8: =J8*'الافتراضات'!$B$2*(1+'الافتراضات'!$B$3) | T8: =L8*'الافتراضات'!$B$4 | U8: =(S8+T8)*'الافتراضات'!$B$5 | V8: =S8+T8+U8 | W8: =MAX(1,E8*P8) | X8: =E8*'الافتراضات'!$B$7 | Y8: =E8*'الافتراضات'!$B$8 | Z8: =E8/(1+'الافتراضات'!$B$6) | AA8: =Z8-V8-W8-Q8-X8-Y8 | AB8: =IF(Z8=0,0,AA8/Z8) | AC8: =IF(V8=0,0,AA8/V8) | AD8: =R8*V8 | AE8: =IF(AB8>='الافتراضات'!$B$9,IF(O8="لا","ابدأ به","جيد – يحتاج شهادة"),IF(AB8>='الافتراضات'!$B$10,"مقبول","ضعيف")) | AF8: =IF((1-'الافتراضات'!$B$9)/(1+'الافتراضات'!$B$6)-P8-'الافتراضات'!$B$7-'الافتراضات'!$B$8<=0,0,(V8+Q8)/((1-'الافتراضات'!$B$9)/(1+'الافتراضات'!$B$6)-P8-'الافتراضات'!$B$7-'الافتراضات'!$B$8))
A9: 8 | B9: المكتب والدراسة | C9: فاصل كتب مغناطيسي | D9: magnetic bookmarks set | E9: 25 | F9: تقدير | G9: تقدير | H9: لم تُفحص | I9: لم يُفحص | J9: 0.7 | K9: تقدير | L9: 0.05 | M9: صغير | N9: العودة للمدارس | O9: لا | P9: 0.12 | Q9: 6 | R9: 50 | S9: =J9*'الافتراضات'!$B$2*(1+'الافتراضات'!$B$3) | T9: =L9*'الافتراضات'!$B$4 | U9: =(S9+T9)*'الافتراضات'!$B$5 | V9: =S9+T9+U9 | W9: =MAX(1,E9*P9) | X9: =E9*'الافتراضات'!$B$7 | Y9: =E9*'الافتراضات'!$B$8 | Z9: =E9/(1+'الافتراضات'!$B$6) | AA9: =Z9-V9-W9-Q9-X9-Y9 | AB9: =IF(Z9=0,0,AA9/Z9) | AC9: =IF(V9=0,0,AA9/V9) | AD9: =R9*V9 | AE9: =IF(AB9>='الافتراضات'!$B$9,IF(O9="لا","ابدأ به","جيد – يحتاج شهادة"),IF(AB9>='الافتراضات'!$B$10,"مقبول","ضعيف")) | AF9: =IF((1-'الافتراضات'!$B$9)/(1+'الافتراضات'!$B$6)-P9-'الافتراضات'!$B$7-'الافتراضات'!$B$8<=0,0,(V9+Q9)/((1-'الافتراضات'!$B$9)/(1+'الافتراضات'!$B$6)-P9-'الافتراضات'!$B$7-'الافتراضات'!$B$8))
A10: 9 | B10: الأطفال والألعاب | C10: كرة أنتي ستريس | D10: stress ball fidget | E10: 25 | F10: تقدير | G10: تقدير | H10: لم تُفحص | I10: لم يُفحص | J10: 0.6 | K10: تقدير | L10: 0.05 | M10: صغير | N10: طوال السنة | O10: لا | P10: 0.14 | Q10: 6 | R10: 50 | S10: =J10*'الافتراضات'!$B$2*(1+'الافتراضات'!$B$3) | T10: =L10*'الافتراضات'!$B$4 | U10: =(S10+T10)*'الافتراضات'!$B$5 | V10: =S10+T10+U10 | W10: =MAX(1,E10*P10) | X10: =E10*'الافتراضات'!$B$7 | Y10: =E10*'الافتراضات'!$B$8 | Z10: =E10/(1+'الافتراضات'!$B$6) | AA10: =Z10-V10-W10-Q10-X10-Y10 | AB10: =IF(Z10=0,0,AA10/Z10) | AC10: =IF(V10=0,0,AA10/V10) | AD10: =R10*V10 | AE10: =IF(AB10>='الافتراضات'!$B$9,IF(O10="لا","ابدأ به","جيد – يحتاج شهادة"),IF(AB10>='الافتراضات'!$B$10,"مقبول","ضعيف")) | AF10: =IF((1-'الافتراضات'!$B$9)/(1+'الافتراضات'!$B$6)-P10-'الافتراضات'!$B$7-'الافتراضات'!$B$8<=0,0,(V10+Q10)/((1-'الافتراضات'!$B$9)/(1+'الافتراضات'!$B$6)-P10-'الافتراضات'!$B$7-'الافتراضات'!$B$8))
A11: 10 | B11: التنظيف والغسيل | C11: قفازات تنظيف مطاطية | D11: rubber cleaning gloves | E11: 25 | F11: تقدير | G11: تقدير | H11: لم تُفحص | I11: لم يُفحص | J11: 0.8 | K11: تقدير | L11: 0.1 | M11: صغير | N11: طوال السنة | O11: لا | P11: 0.09 | Q11: 6 | R11: 50 | S11: =J11*'الافتراضات'!$B$2*(1+'الافتراضات'!$B$3) | T11: =L11*'الافتراضات'!$B$4 | U11: =(S11+T11)*'الافتراضات'!$B$5 | V11: =S11+T11+U11 | W11: =MAX(1,E11*P11) | X11: =E11*'الافتراضات'!$B$7 | Y11: =E11*'الافتراضات'!$B$8 | Z11: =E11/(1+'الافتراضات'!$B$6) | AA11: =Z11-V11-W11-Q11-X11-Y11 | AB11: =IF(Z11=0,0,AA11/Z11) | AC11: =IF(V11=0,0,AA11/V11) | AD11: =R11*V11 | AE11: =IF(AB11>='الافتراضات'!$B$9,IF(O11="لا","ابدأ به","جيد – يحتاج شهادة"),IF(AB11>='الافتراضات'!$B$10,"مقبول","ضعيف")) | AF11: =IF((1-'الافتراضات'!$B$9)/(1+'الافتراضات'!$B$6)-P11-'الافتراضات'!$B$7-'الافتراضات'!$B$8<=0,0,(V11+Q11)/((1-'الافتراضات'!$B$9)/(1+'الافتراضات'!$B$6)-P11-'الافتراضات'!$B$7-'الافتراضات'!$B$8))
A12: 11 | B12: إكسسوارات الجوال والإلكترونيات | C12: جيمبال ثبات للجوال | D12: phone gimbal stabilizer | E12: 317 | F12: تقدير | G12: تقدير | H12: لم تُفحص | I12: لم يُفحص | J12: 28 | K12: تقدير | L12: 0.6 | M12: متوسط | N12: طوال السنة | O12: SABER + بطارية ليثيوم | P12: 0.08 | Q12: 10 | R12: 50 | S12: =J12*'الافتراضات'!$B$2*(1+'الافتراضات'!$B$3) | T12: =L12*'الافتراضات'!$B$4 | U12: =(S12+T12)*'الافتراضات'!$B$5 | V12: =S12+T12+U12 | W12: =MAX(1,E12*P12) | X12: =E12*'الافتراضات'!$B$7 | Y12: =E12*'الافتراضات'!$B$8 | Z12: =E12/(1+'الافتراضات'!$B$6) | AA12: =Z12-V12-W12-Q12-X12-Y12 | AB12: =IF(Z12=0,0,AA12/Z12) | AC12: =IF(V12=0,0,AA12/V12) | AD12: =R12*V12 | AE12: =IF(AB12>='الافتراضات'!$B$9,IF(O12="لا","ابدأ به","جيد – يحتاج شهادة"),IF(AB12>='الافتراضات'!$B$10,"مقبول","ضعيف")) | AF12: =IF((1-'الافتراضات'!$B$9)/(1+'الافتراضات'!$B$6)-P12-'الافتراضات'!$B$7-'الافتراضات'!$B$8<=0,0,(V12+Q12)/((1-'الافتراضات'!$B$9)/(1+'الافتراضات'!$B$6)-P12-'الافتراضات'!$B$7-'الافتراضات'!$B$8))
A13: 12 | B13: إكسسوارات الجوال والإلكترونيات | C13: حامل جوال بحلقة | D13: phone ring holder grip | E13: 25 | F13: تقدير | G13: تقدير | H13: لم تُفحص | I13: لم يُفحص | J13: 0.4 | K13: تقدير | L13: 0.03 | M13: صغير | N13: طوال السنة | O13: لا | P13: 0.2 | Q13: 6 | R13: 50 | S13: =J13*'الافتراضات'!$B$2*(1+'الافتراضات'!$B$3) | T13: =L13*'الافتراضات'!$B$4 | U13: =(S13+T13)*'الافتراضات'!$B$5 | V13: =S13+T13+U13 | W13: =MAX(1,E13*P13) | X13: =E13*'الافتراضات'!$B$7 | Y13: =E13*'الافتراضات'!$B$8 | Z13: =E13/(1+'الافتراضات'!$B$6) | AA13: =Z13-V13-W13-Q13-X13-Y13 | AB13: =IF(Z13=0,0,AA13/Z13) | AC13: =IF(V13=0,0,AA13/V13) | AD13: =R13*V13 | AE13: =IF(AB13>='الافتراضات'!$B$9,IF(O13="لا","ابدأ به","جيد – يحتاج شهادة"),IF(AB13>='الافتراضات'!$B$10,"مقبول","ضعيف")) | AF13: =IF((1-'الافتراضات'!$B$9)/(1+'الافتراضات'!$B$6)-P13-'الافتراضات'!$B$7-'الافتراضات'!$B$8<=0,0,(V13+Q13)/((1-'الافتراضات'!$B$9)/(1+'الافتراضات'!$B$6)-P13-'الافتراضات'!$B$7-'الافتراضات'!$B$8))
... A458: 457 | B458: التخييم والسفر | C458: مصباح رأس LED قابل للشحن | D458: rechargeable LED headlamp | E458: 27 | F458: تقدير | G458: تقدير | H458: لم تُفحص | I458: لم يُفحص | J458: 2.4 | K458: تقدير | L458: 0.15 | M458: صغير | N458: الشتاء والكشتات | O458: SABER + بطارية ليثيوم | P458: 0.2 | Q458: 9 | R458: 50 | S458: =J458*'الافتراضات'!$B$2*(1+'الافتراضات'!$B$3) | T458: =L458*'الافتراضات'!$B$4 | U458: =(S458+T458)*'الافتراضات'!$B$5 | V458: =S458+T458+U458 | W458: =MAX(1,E458*P458) | X458: =E458*'الافتراضات'!$B$7 | Y458: =E458*'الافتراضات'!$B$8 | Z458: =E458/(1+'الافتراضات'!$B$6) | AA458: =Z458-V458-W458-Q458-X458-Y458 | AB458: =IF(Z458=0,0,AA458/Z458) | AC458: =IF(V458=0,0,AA458/V458) | AD458: =R458*V458 | AE458: =IF(AB458>='الافتراضات'!$B$9,IF(O458="لا","ابدأ به","جيد – يحتاج شهادة"),IF(AB458>='الافتراضات'!$B$10,"مقبول","ضعيف")) | AF458: =IF((1-'الافتراضات'!$B$9)/(1+'الافتراضات'!$B$6)-P458-'الافتراضات'!$B$7-'الافتراضات'!$B$8<=0,0,(V458+Q458)/((1-'الافتراضات'!$B$9)/(1+'الافتراضات'!$B$6)-P458-'الافتراضات'!$B$7-'الافتراضات'!$B$8))
